<?xml version="1.0" encoding="utf-8"?>

<ModMetaData>
	<name>Quality Range</name>
	<author>Phoneixx</author>
	<supportedVersions>
		<li>1.2</li>
	</supportedVersions>
	<packageId>Phoneixx.QualityRange</packageId>
	<modDependencies>
		  <li>
			<packageId>brrainz.harmony</packageId>
			<displayName>Harmony</displayName>
			<steamWorkshopUrl>https://steamcommunity.com/sharedfiles/filedetails/?id=2009463077</steamWorkshopUrl>
			<downloadUrl>https://github.com/pardeike/HarmonyRimWorld/releases/latest</downloadUrl>
		  </li>
    </modDependencies>
	<loadAfter>
		<li>brrainz.harmony</li>
		<li>Ludeon.RimWorld</li>
		<li>Ludeon.RimWorld.Royalty</li>
	</loadAfter>
	<description>PLACEHOLDER</description>
</ModMetaData>